"Année","Mois","Date exacte","Type De Culture","Marché","Quantité","Prix de vente","Prix d'achat au détail","Prix d'achat en gros"
"2019","2019-01","31/01/2019","Mil","Kaolack","35","","175",""
"2019","2019-01","31/01/2019","Maïs","Kaolack","10","","165",""
"2019","2019-01","31/01/2019","Riz Importé","Kaolack","395","","300",""
"2019","2019-01","31/01/2019","Riz Importé Parfumé","Kaolack","100","","400",""
"2019","2019-01","31/01/2019","Riz","Kaolack","54","","300",""
"2019","2019-01","30/01/2019","Mil","Ourossogui","15","","250","210"
"2019","2019-01","30/01/2019","Mil","Thiès","15","","225","200"
"2019","2019-01","30/01/2019","Sorgho","Ourossogui","0","","300","250"
"2019","2019-01","30/01/2019","Sorgho","Thiès","6","","225","200"
"2019","2019-01","30/01/2019","Maïs","Ourossogui","0","","250","200"
"2019","2019-01","30/01/2019","Maïs Importé","Ourossogui","2","","250","230"
"2019","2019-01","30/01/2019","Maïs Importé","Thiès","8","","250","225"
"2019","2019-01","30/01/2019","Sorgho Importé","Ourossogui","5","","250",""
"2019","2019-01","30/01/2019","Sorgho Importé","Thiès","12","","275",""
"2019","2019-01","30/01/2019","Riz Importé","Ourossogui","20","","300","270"
"2019","2019-01","30/01/2019","Riz Importé","Thiès","25","","275","250"
"2019","2019-01","30/01/2019","Riz Importé Parfumé","Thiès","15","","400","350"
"2019","2019-01","30/01/2019","Riz","Ourossogui","20","","300","260"
"2019","2019-01","30/01/2019","Riz","Thiès","28","","270","260"
"2019","2019-01","29/01/2019","Mil","Thiodaye","1","","250","225"
"2019","2019-01","29/01/2019","Sorgho","Thiodaye","1","","300","225"
"2019","2019-01","29/01/2019","Maïs","Thiodaye","0","","250","200"
"2019","2019-01","29/01/2019","Maïs Importé","Thiodaye","1","","250",""
"2019","2019-01","29/01/2019","Riz Importé","Thiodaye","3","","300","270"
"2019","2019-01","29/01/2019","Riz","Thiodaye","1","","300","255"
"2019","2019-01","28/01/2019","Sorgho","Kédougou","1","","300",""
"2019","2019-01","28/01/2019","Mil","Kédougou","1","","300",""
"2019","2019-01","28/01/2019","Maïs","Kédougou","8","","250",""
"2019","2019-01","28/01/2019","Riz Importé","Kédougou","225","","300","280"
"2019","2019-01","28/01/2019","Riz Importé Parfumé","Kédougou","85","","400","350"
"2019","2019-01","26/01/2019","Mil","Touba Mouride","7","175","180",""
"2019","2019-01","26/01/2019","Mil","Touba Toul","9","180","200",""
"2019","2019-01","26/01/2019","Mil","Mako","0","","325",""
"2019","2019-01","26/01/2019","Maïs","Touba Mouride","2","160","165",""
"2019","2019-01","26/01/2019","Maïs","Touba Toul","6","190","200",""
"2019","2019-01","26/01/2019","Maïs","Mako","2","","275",""
"2019","2019-01","26/01/2019","Maïs Importé","Touba Toul","7","","200","180"
"2019","2019-01","26/01/2019","Riz Importé","Touba Mouride","15","","300","280"
"2019","2019-01","26/01/2019","Riz Importé","Touba Toul","10","","270","250"
"2019","2019-01","26/01/2019","Riz Importé","Mako","4","","325",""
"2019","2019-01","26/01/2019","Riz Importé Parfumé","Touba Toul","6","","400","375"
"2019","2019-01","26/01/2019","Riz Importé Parfumé","Mako","1","","425",""
"2019","2019-01","26/01/2019","Riz","Touba Toul","11","","270","250"
"2019","2019-01","25/01/2019","Mil","Mpal","30","","250","200"
"2019","2019-01","25/01/2019","Mil","Porokhane","47","160","165",""
"2019","2019-01","25/01/2019","Maïs","Mpal","10","","225","200"
"2019","2019-01","25/01/2019","Maïs","Porokhane","6","155","160",""
"2019","2019-01","25/01/2019","Maïs Importé","Mpal","30","","225","200"
"2019","2019-01","25/01/2019","Sorgho Importé","Mpal","5","","300",""
"2019","2019-01","25/01/2019","Riz Importé","Mpal","150","","300","270"
"2019","2019-01","25/01/2019","Riz Importé","Porokhane","30","","300",""
"2019","2019-01","25/01/2019","Riz","Mpal","100","","275","235"
"2019","2019-01","24/01/2019","Mil","Diourbel","30","","200","175"
"2019","2019-01","24/01/2019","Mil","Kaolack","80","","175",""
"2019","2019-01","24/01/2019","Mil","Tambacounda","35","","200","175"
"2019","2019-01","24/01/2019","Mil","Saint-Maur","85","","250","225"
"2019","2019-01","24/01/2019","Mil","Louga","150","","210","200"
"2019","2019-01","24/01/2019","Sorgho","Diourbel","1","","250","225"
"2019","2019-01","24/01/2019","Sorgho","Kaolack","15","","235",""
"2019","2019-01","24/01/2019","Sorgho","Saint-Maur","7","","300","250"
"2019","2019-01","24/01/2019","Maïs","Kaolack","16","","180",""
"2019","2019-01","24/01/2019","Maïs","Tambacounda","45","","200","175"
"2019","2019-01","24/01/2019","Maïs","Saint-Maur","20","","250","225"
"2019","2019-01","24/01/2019","Maïs","Louga","50","","210","200"
"2019","2019-01","24/01/2019","Maïs Importé","Diourbel","49","","200","190"
"2019","2019-01","24/01/2019","Maïs Importé","Louga","170","","185","175"
"2019","2019-01","24/01/2019","Riz Importé","Diourbel","200","","300","280"
"2019","2019-01","24/01/2019","Riz Importé","Kaolack","425","","300",""
"2019","2019-01","24/01/2019","Riz Importé","Tambacounda","88","","300","270"
"2019","2019-01","24/01/2019","Riz Importé","Saint-Maur","180","","300","285"
"2019","2019-01","24/01/2019","Riz Importé","Louga","180","","300","290"
"2019","2019-01","24/01/2019","Riz Importé Parfumé","Diourbel","50","","450",""
"2019","2019-01","24/01/2019","Riz Importé Parfumé","Kaolack","115","","400",""
"2019","2019-01","24/01/2019","Riz Importé Parfumé","Tambacounda","65","","450","400"
"2019","2019-01","24/01/2019","Riz Importé Parfumé","Louga","90","","400","375"
"2019","2019-01","24/01/2019","Riz","Diourbel","90","","325",""
"2019","2019-01","24/01/2019","Riz","Kaolack","74","","300",""
"2019","2019-01","24/01/2019","Riz","Louga","80","","300","275"
"2019","2019-01","23/01/2019","Mil","Ourossogui","20","","250","210"
"2019","2019-01","23/01/2019","Mil","Sédhiou","9","","250","225"
"2019","2019-01","23/01/2019","Mil","Thiès","11","","225","200"
"2019","2019-01","23/01/2019","Sorgho","Ourossogui","2","","300","250"
"2019","2019-01","23/01/2019","Sorgho","Thiès","6","","225","200"
"2019","2019-01","23/01/2019","Maïs","Sédhiou","2","","250","225"
"2019","2019-01","23/01/2019","Maïs Importé","Ourossogui","10","","250","230"
"2019","2019-01","23/01/2019","Maïs Importé","Thiès","5","","250","225"
"2019","2019-01","23/01/2019","Sorgho Importé","Ourossogui","1","","300",""
"2019","2019-01","23/01/2019","Sorgho Importé","Thiès","8","","275",""
"2019","2019-01","23/01/2019","Riz Importé","Ourossogui","30","","300","270"
"2019","2019-01","23/01/2019","Riz Importé","Sédhiou","90","","300","280"
"2019","2019-01","23/01/2019","Riz Importé","Thiès","18","","275","250"
"2019","2019-01","23/01/2019","Riz Importé Parfumé","Sédhiou","7","","400","380"
"2019","2019-01","23/01/2019","Riz Importé Parfumé","Thiès","13","","400","350"
"2019","2019-01","23/01/2019","Riz","Ourossogui","10","","300","260"
"2019","2019-01","23/01/2019","Riz","Thiès","20","","270","260"
"2019","2019-01","21/01/2019","Mil","Mereto","65","150","175",""
"2019","2019-01","21/01/2019","Mil","Kolda","6","","225","190"
"2019","2019-01","21/01/2019","Mil","Saint-Louis","150","","250","210"
"2019","2019-01","21/01/2019","Mil","Gouille Mbeuth","100","","200","190"
"2019","2019-01","21/01/2019","Sorgho","Kolda","2","","250","225"
"2019","2019-01","21/01/2019","Sorgho","Saint-Louis","30","","250","220"
"2019","2019-01","21/01/2019","Maïs","Mereto","75","150","175",""
"2019","2019-01","21/01/2019","Maïs","Kolda","7","","200","180"
"2019","2019-01","21/01/2019","Maïs","Saint-Louis","10","","250",""
"2019","2019-01","21/01/2019","Maïs","Gouille Mbeuth","25","","195","190"
"2019","2019-01","21/01/2019","Maïs Importé","Saint-Louis","40","","250",""
"2019","2019-01","21/01/2019","Maïs Importé","Gouille Mbeuth","90","","180","170"
"2019","2019-01","21/01/2019","Sorgho Importé","Saint-Louis","5","","275",""
"2019","2019-01","21/01/2019","Riz Importé","Mereto","45","","300","270"
"2019","2019-01","21/01/2019","Riz Importé","Kolda","195","","300","280"
"2019","2019-01","21/01/2019","Riz Importé","Saint-Louis","120","","300","275"
"2019","2019-01","21/01/2019","Riz Importé","Gouille Mbeuth","70","","300","290"
"2019","2019-01","21/01/2019","Riz Importé Parfumé","Mereto","10","","500","450"
"2019","2019-01","21/01/2019","Riz Importé Parfumé","Kolda","25","","450","400"
"2019","2019-01","21/01/2019","Riz Importé Parfumé","Saint-Louis","50","","400","360"
"2019","2019-01","21/01/2019","Riz Importé Parfumé","Gouille Mbeuth","50","","350","325"
"2019","2019-01","21/01/2019","Riz","Kolda","13","","300","280"
"2019","2019-01","21/01/2019","Riz","Saint-Louis","80","","300","250"
"2019","2019-01","21/01/2019","Riz","Gouille Mbeuth","50","","325","300"
"2019","2019-01","20/01/2019","Mil","Fatick","21","","225","210"
"2019","2019-01","20/01/2019","Mil","Passy","170","160","190","170"
"2019","2019-01","20/01/2019","Sorgho","Fatick","5","","225","215"
"2019","2019-01","20/01/2019","Sorgho","Passy","25","180","195","190"
"2019","2019-01","20/01/2019","Maïs","Fatick","13","","225","215"
"2019","2019-01","20/01/2019","Maïs","Passy","110","160","175","170"
"2019","2019-01","20/01/2019","Maïs Importé","Fatick","35","","225","215"
"2019","2019-01","20/01/2019","Maïs Importé","Passy","15","","220","200"
"2019","2019-01","20/01/2019","Riz Importé","Fatick","75","","270",""
"2019","2019-01","20/01/2019","Riz Importé","Passy","120","","270",""
"2019","2019-01","20/01/2019","Riz Importé Parfumé","Fatick","41","","380",""
"2019","2019-01","20/01/2019","Riz Importé Parfumé","Passy","55","","350",""
"2019","2019-01","19/01/2019","Mil","Touba Mouride","8","170","175",""
"2019","2019-01","19/01/2019","Mil","Touba Toul","6","180","200",""
"2019","2019-01","19/01/2019","Maïs","Touba Mouride","2","150","160",""
"2019","2019-01","19/01/2019","Maïs","Touba Toul","4","190","200",""
"2019","2019-01","19/01/2019","Maïs Importé","Touba Toul","5","","225","180"
"2019","2019-01","19/01/2019","Riz Importé","Touba Mouride","15","","300","280"
"2019","2019-01","19/01/2019","Riz Importé","Touba Toul","6","","270","250"
"2019","2019-01","19/01/2019","Riz Importé Parfumé","Touba Toul","4","","400","375"
"2019","2019-01","19/01/2019","Riz","Touba Toul","8","","260","250"
"2019","2019-01","18/01/2019","Mil","Touba","95","","200","185"
"2019","2019-01","18/01/2019","Mil","Porokhane","35","155","160",""
"2019","2019-01","18/01/2019","Mil","Mpal","30","","250","200"
"2019","2019-01","18/01/2019","Sorgho","Touba","50","","250","225"
"2019","2019-01","18/01/2019","Maïs","Touba","30","","185","170"
"2019","2019-01","18/01/2019","Maïs","Porokhane","0","150","160",""
"2019","2019-01","18/01/2019","Maïs","Mpal","10","","225","200"
"2019","2019-01","18/01/2019","Maïs Importé","Touba","60","","175","160"
"2019","2019-01","18/01/2019","Maïs Importé","Mpal","30","","225","200"
"2019","2019-01","18/01/2019","Sorgho Importé","Mpal","5","","300",""
"2019","2019-01","18/01/2019","Riz Importé","Touba","2.550","","275","265"
"2019","2019-01","18/01/2019","Riz Importé","Porokhane","30","","300",""
"2019","2019-01","18/01/2019","Riz Importé","Mpal","150","","300","270"
"2019","2019-01","18/01/2019","Riz Importé Parfumé","Touba","625","","400","350"
"2019","2019-01","18/01/2019","Riz","Touba","750","","250","235"
"2019","2019-01","18/01/2019","Riz","Mpal","100","","275","235"
"2019","2019-01","17/01/2019","Mil","Tilene","120","","250","210"
"2019","2019-01","17/01/2019","Mil","Thiaroye","80","","250","220"
"2019","2019-01","17/01/2019","Mil","Kaolack","95","","175",""
"2019","2019-01","17/01/2019","Mil","Tambacounda","12","","200","175"
"2019","2019-01","17/01/2019","Sorgho","Tilene","10","","300","250"
"2019","2019-01","17/01/2019","Sorgho","Thiaroye","1","","250","225"
"2019","2019-01","17/01/2019","Sorgho","Kaolack","2","","225",""
"2019","2019-01","17/01/2019","Sorgho","Tambacounda","1","","225","200"
"2019","2019-01","17/01/2019","Maïs","Tilene","25","","200","160"
"2019","2019-01","17/01/2019","Maïs","Thiaroye","15","","250",""
"2019","2019-01","17/01/2019","Maïs","Kaolack","15","","180",""
"2019","2019-01","17/01/2019","Maïs","Tambacounda","26","","200","175"
"2019","2019-01","17/01/2019","Maïs Importé","Thiaroye","8","","250","200"
"2019","2019-01","17/01/2019","Sorgho Importé","Thiaroye","0","","250",""
"2019","2019-01","17/01/2019","Riz Importé","Tilene","120","","270","255"
"2019","2019-01","17/01/2019","Riz Importé","Thiaroye","50","","270","265"
"2019","2019-01","17/01/2019","Riz Importé","Kaolack","538","","300",""
"2019","2019-01","17/01/2019","Riz Importé","Tambacounda","87","","300","270"
"2019","2019-01","17/01/2019","Riz Importé Parfumé","Tilene","150","","350","300"
"2019","2019-01","17/01/2019","Riz Importé Parfumé","Thiaroye","100","","350","300"
"2019","2019-01","17/01/2019","Riz Importé Parfumé","Kaolack","156","","400",""
"2019","2019-01","17/01/2019","Riz Importé Parfumé","Tambacounda","25","","450","400"
"2019","2019-01","17/01/2019","Riz","Tilene","10","","295","270"
"2019","2019-01","17/01/2019","Riz","Thiaroye","7","","295","280"
"2019","2019-01","17/01/2019","Riz","Kaolack","53","","300",""
"2019","2019-01","16/01/2019","Mil","Ourossogui","20","","250","210"
"2019","2019-01","16/01/2019","Mil","Thiès","13","","225","200"
"2019","2019-01","16/01/2019","Mil","Diaobe","18","","175","150"
"2019","2019-01","16/01/2019","Mil","Sédhiou","7","","250","225"
"2019","2019-01","16/01/2019","Sorgho","Thiès","8","","225","200"
"2019","2019-01","16/01/2019","Sorgho","Diaobe","20","","175","160"
"2019","2019-01","16/01/2019","Maïs","Diaobe","50","","175","160"
"2019","2019-01","16/01/2019","Maïs","Sédhiou","2","","250","225"
"2019","2019-01","16/01/2019","Maïs Importé","Ourossogui","2","","250",""
"2019","2019-01","16/01/2019","Maïs Importé","Thiès","7","","250","225"
"2019","2019-01","16/01/2019","Sorgho Importé","Ourossogui","5","","250",""
"2019","2019-01","16/01/2019","Sorgho Importé","Thiès","10","","275",""
"2019","2019-01","16/01/2019","Riz Importé","Ourossogui","20","","300","270"
"2019","2019-01","16/01/2019","Riz Importé","Thiès","20","","275","250"
"2019","2019-01","16/01/2019","Riz Importé","Diaobe","70","","300","280"
"2019","2019-01","16/01/2019","Riz Importé","Sédhiou","100","","300","280"
"2019","2019-01","16/01/2019","Riz Importé Parfumé","Thiès","14","","400","350"
"2019","2019-01","16/01/2019","Riz Importé Parfumé","Diaobe","60","","400","390"
"2019","2019-01","16/01/2019","Riz Importé Parfumé","Sédhiou","8","","400","380"
"2019","2019-01","16/01/2019","Riz","Ourossogui","4","","300","260"
"2019","2019-01","16/01/2019","Riz","Thiès","23","","270","260"
"2019","2019-01","16/01/2019","Riz","Diaobe","35","","300",""
"2019","2019-01","15/01/2019","Mil","Thiodaye","1","","250","225"
"2019","2019-01","15/01/2019","Sorgho","Thiodaye","0","","275",""
"2019","2019-01","15/01/2019","Maïs","Thiodaye","2","","250","200"
"2019","2019-01","15/01/2019","Maïs Importé","Thiodaye","1","","225",""
"2019","2019-01","15/01/2019","Riz Importé","Thiodaye","3","","300","270"
"2019","2019-01","15/01/2019","Riz","Thiodaye","1","","300","255"
"2019","2019-01","14/01/2019","Mil","Mereto","30","150","175",""
"2019","2019-01","14/01/2019","Mil","Kolda","5","","200","180"
"2019","2019-01","14/01/2019","Mil","Louga","250","","210","200"
"2019","2019-01","14/01/2019","Mil","Gouille Mbeuth","70","","200","190"
"2019","2019-01","14/01/2019","Mil","Saint-Louis","150","","250","210"
"2019","2019-01","14/01/2019","Sorgho","Kolda","1","","250","225"
"2019","2019-01","14/01/2019","Sorgho","Saint-Louis","30","","250","220"
"2019","2019-01","14/01/2019","Maïs","Mereto","40","150","175",""
"2019","2019-01","14/01/2019","Maïs","Kolda","4","","200","180"
"2019","2019-01","14/01/2019","Maïs","Louga","50","","210","200"
"2019","2019-01","14/01/2019","Maïs","Gouille Mbeuth","20","","195","190"
"2019","2019-01","14/01/2019","Maïs","Saint-Louis","10","","250",""
"2019","2019-01","14/01/2019","Maïs Importé","Louga","278","","185","175"
"2019","2019-01","14/01/2019","Maïs Importé","Gouille Mbeuth","100","","180","170"
"2019","2019-01","14/01/2019","Maïs Importé","Saint-Louis","40","","250",""
"2019","2019-01","14/01/2019","Sorgho Importé","Saint-Louis","5","","275",""
"2019","2019-01","14/01/2019","Riz Importé","Mereto","60","","300","270"
"2019","2019-01","14/01/2019","Riz Importé","Kolda","180","","300","280"
"2019","2019-01","14/01/2019","Riz Importé","Louga","180","","300","290"
"2019","2019-01","14/01/2019","Riz Importé","Gouille Mbeuth","90","","300","290"
"2019","2019-01","14/01/2019","Riz Importé","Saint-Louis","120","","300","275"
"2019","2019-01","14/01/2019","Riz Importé Parfumé","Mereto","0","","450","400"
"2019","2019-01","14/01/2019","Riz Importé Parfumé","Kolda","28","","450","400"
"2019","2019-01","14/01/2019","Riz Importé Parfumé","Louga","70","","400","375"
"2019","2019-01","14/01/2019","Riz Importé Parfumé","Gouille Mbeuth","30","","400","375"
"2019","2019-01","14/01/2019","Riz Importé Parfumé","Saint-Louis","50","","400","360"
"2019","2019-01","14/01/2019","Riz","Kolda","10","","300","280"
"2019","2019-01","14/01/2019","Riz","Louga","80","","300","275"
"2019","2019-01","14/01/2019","Riz","Gouille Mbeuth","50","","300","275"
"2019","2019-01","14/01/2019","Riz","Saint-Louis","80","","300","250"
"2019","2019-01","12/01/2019","Mil","Touba Toul","8","180","200",""
"2019","2019-01","12/01/2019","Mil","Touba Mouride","13","170","175",""
"2019","2019-01","12/01/2019","Maïs","Touba Toul","6","190","200",""
"2019","2019-01","12/01/2019","Maïs","Touba Mouride","2","150","160",""
"2019","2019-01","12/01/2019","Maïs Importé","Touba Toul","7","","200","180"
"2019","2019-01","12/01/2019","Riz Importé","Touba Toul","8","","270","250"
"2019","2019-01","12/01/2019","Riz Importé","Touba Mouride","15","","300","280"
"2019","2019-01","12/01/2019","Riz Importé Parfumé","Touba Toul","5","","400","375"
"2019","2019-01","12/01/2019","Riz","Touba Toul","10","","260","250"
"2019","2019-01","11/01/2019","Mil","Mpal","30","","250","225"
"2019","2019-01","11/01/2019","Mil","Porokhane","30","155","160",""
"2019","2019-01","11/01/2019","Maïs","Mpal","10","","225","200"
"2019","2019-01","11/01/2019","Maïs","Porokhane","1","155","160",""
"2019","2019-01","11/01/2019","Maïs Importé","Mpal","30","","225","200"
"2019","2019-01","11/01/2019","Sorgho Importé","Mpal","5","","325",""
"2019","2019-01","11/01/2019","Riz Importé","Mpal","150","","300","270"
"2019","2019-01","11/01/2019","Riz Importé","Porokhane","30","","300",""
"2019","2019-01","11/01/2019","Riz","Mpal","100","","275","240"
"2019","2019-01","10/01/2019","Mil","Diourbel","26","","200","175"
"2019","2019-01","10/01/2019","Mil","Kaolack","95","","175",""
"2019","2019-01","10/01/2019","Mil","Tambacounda","32","","200","175"
"2019","2019-01","10/01/2019","Sorgho","Diourbel","1","","250","225"
"2019","2019-01","10/01/2019","Sorgho","Kaolack","1","","225",""
"2019","2019-01","10/01/2019","Sorgho","Tambacounda","1","","225","200"
"2019","2019-01","10/01/2019","Maïs","Kaolack","11","","180",""
"2019","2019-01","10/01/2019","Maïs","Tambacounda","45","","200","175"
"2019","2019-01","10/01/2019","Maïs Importé","Diourbel","39","","200","190"
"2019","2019-01","10/01/2019","Riz Importé","Diourbel","190","","300","280"
"2019","2019-01","10/01/2019","Riz Importé","Kaolack","407","","300",""
"2019","2019-01","10/01/2019","Riz Importé","Tambacounda","210","","300","270"
"2019","2019-01","10/01/2019","Riz Importé Parfumé","Diourbel","26","","450",""
"2019","2019-01","10/01/2019","Riz Importé Parfumé","Kaolack","82","","400",""
"2019","2019-01","10/01/2019","Riz Importé Parfumé","Tambacounda","70","","400","360"
"2019","2019-01","10/01/2019","Riz","Diourbel","16","","325",""
"2019","2019-01","10/01/2019","Riz","Kaolack","68","","300",""
"2019","2019-01","09/01/2019","Mil","Ourossogui","20","","250","210"
"2019","2019-01","09/01/2019","Mil","Touba","76","","200","185"
"2019","2019-01","09/01/2019","Mil","Sédhiou","10","","250","225"
"2019","2019-01","09/01/2019","Sorgho","Ourossogui","2","","300",""
"2019","2019-01","09/01/2019","Sorgho","Touba","40","","220","190"
"2019","2019-01","09/01/2019","Maïs","Touba","20","","185","170"
"2019","2019-01","09/01/2019","Maïs","Sédhiou","4","","250","225"
"2019","2019-01","09/01/2019","Maïs Importé","Ourossogui","10","","250","230"
"2019","2019-01","09/01/2019","Maïs Importé","Touba","40","","175","160"
"2019","2019-01","09/01/2019","Sorgho Importé","Ourossogui","1","","300",""
"2019","2019-01","09/01/2019","Riz Importé","Ourossogui","30","","300","270"
"2019","2019-01","09/01/2019","Riz Importé","Touba","2.000","","275","265"
"2019","2019-01","09/01/2019","Riz Importé","Sédhiou","110","","300","280"
"2019","2019-01","09/01/2019","Riz Importé Parfumé","Touba","500","","400","350"
"2019","2019-01","09/01/2019","Riz Importé Parfumé","Sédhiou","10","","400","380"
"2019","2019-01","09/01/2019","Riz","Ourossogui","20","","300","260"
"2019","2019-01","09/01/2019","Riz","Touba","600","","250","235"
"2019","2019-01","08/01/2019","Mil","Bignona","60","","250",""
"2019","2019-01","08/01/2019","Sorgho","Bignona","5","","350",""
"2019","2019-01","08/01/2019","Maïs","Bignona","7","","275",""
"2019","2019-01","08/01/2019","Riz Importé","Bignona","180","","300","285"
"2019","2019-01","07/01/2019","Mil","Mereto","75","150","175",""
"2019","2019-01","07/01/2019","Mil","Kolda","6","","200","185"
"2019","2019-01","07/01/2019","Mil","Saint-Louis","100","","250","230"
"2019","2019-01","07/01/2019","Mil","Kaffrine","35","160","165",""
"2019","2019-01","07/01/2019","Sorgho","Mereto","4","175","200",""
"2019","2019-01","07/01/2019","Sorgho","Kolda","4","","250","225"
"2019","2019-01","07/01/2019","Sorgho","Kaffrine","1","195","200",""
"2019","2019-01","07/01/2019","Maïs","Mereto","80","150","175",""
"2019","2019-01","07/01/2019","Maïs","Kolda","6","","200","180"
"2019","2019-01","07/01/2019","Maïs","Saint-Louis","10","","250",""
"2019","2019-01","07/01/2019","Maïs","Kaffrine","3","165","170",""
"2019","2019-01","07/01/2019","Maïs Importé","Saint-Louis","40","","250",""
"2019","2019-01","07/01/2019","Sorgho Importé","Saint-Louis","20","","300",""
"2019","2019-01","07/01/2019","Riz Importé","Mereto","80","","300","270"
"2019","2019-01","07/01/2019","Riz Importé","Kolda","185","","300","280"
"2019","2019-01","07/01/2019","Riz Importé","Saint-Louis","120","","300","275"
"2019","2019-01","07/01/2019","Riz Importé","Kaffrine","90","","300",""
"2019","2019-01","07/01/2019","Riz Importé Parfumé","Mereto","9","","450","400"
"2019","2019-01","07/01/2019","Riz Importé Parfumé","Kolda","12","","400",""
"2019","2019-01","07/01/2019","Riz Importé Parfumé","Saint-Louis","50","","400","360"
"2019","2019-01","07/01/2019","Riz Importé Parfumé","Kaffrine","1","","400",""
"2019","2019-01","07/01/2019","Riz","Kolda","5","","300","280"
"2019","2019-01","07/01/2019","Riz","Saint-Louis","80","","300","250"
"2019","2019-01","06/01/2019","Mil","Fatick","21","","225","210"
"2019","2019-01","06/01/2019","Mil","Birkilane","45","160","165",""
"2019","2019-01","06/01/2019","Sorgho","Fatick","5","","225","215"
"2019","2019-01","06/01/2019","Sorgho","Birkilane","2","190","195",""
"2019","2019-01","06/01/2019","Maïs","Fatick","13","","225","215"
"2019","2019-01","06/01/2019","Maïs","Birkilane","7","165","170",""
"2019","2019-01","06/01/2019","Maïs Importé","Fatick","35","","225","215"
"2019","2019-01","06/01/2019","Riz Importé","Fatick","75","","270",""
"2019","2019-01","06/01/2019","Riz Importé","Birkilane","40","","300",""
"2019","2019-01","06/01/2019","Riz Importé Parfumé","Fatick","41","","380",""
"2019","2019-01","06/01/2019","Riz Importé Parfumé","Birkilane","1","","400",""
"2019","2019-01","05/01/2019","Mil","Touba Mouride","10","170","175",""
"2019","2019-01","05/01/2019","Mil","Passy","115","180","200","190"
"2019","2019-01","05/01/2019","Sorgho","Passy","21","195","210","200"
"2019","2019-01","05/01/2019","Maïs","Touba Mouride","1","150","160",""
"2019","2019-01","05/01/2019","Maïs","Passy","81","190","210","200"
"2019","2019-01","05/01/2019","Maïs Importé","Passy","35","","220","210"
"2019","2019-01","05/01/2019","Riz Importé","Touba Mouride","15","","300","280"
"2019","2019-01","05/01/2019","Riz Importé","Passy","115","","270",""
"2019","2019-01","05/01/2019","Riz Importé Parfumé","Passy","42","","350",""
"2019","2019-01","04/01/2019","Mil","Tilene","100","","250","210"
"2019","2019-01","04/01/2019","Mil","Thiaroye","150","","225","200"
"2019","2019-01","04/01/2019","Mil","Mpal","30","","250","225"
"2019","2019-01","04/01/2019","Mil","Porokhane","40","150","160",""
"2019","2019-01","04/01/2019","Maïs","Tilene","2","","250","225"
"2019","2019-01","04/01/2019","Maïs","Thiaroye","12","","200","180"
"2019","2019-01","04/01/2019","Maïs","Mpal","10","","225","200"
"2019","2019-01","04/01/2019","Maïs","Porokhane","7","150","155",""
"2019","2019-01","04/01/2019","Maïs Importé","Tilene","80","","250",""
"2019","2019-01","04/01/2019","Maïs Importé","Thiaroye","8","","200","175"
"2019","2019-01","04/01/2019","Maïs Importé","Mpal","30","","225","200"
"2019","2019-01","04/01/2019","Sorgho Importé","Tilene","1","","250",""
"2019","2019-01","04/01/2019","Sorgho Importé","Thiaroye","10","","250",""
"2019","2019-01","04/01/2019","Sorgho Importé","Mpal","5","","325",""
"2019","2019-01","04/01/2019","Riz Importé","Tilene","80","","300","265"
"2019","2019-01","04/01/2019","Riz Importé","Thiaroye","120","","300","260"
"2019","2019-01","04/01/2019","Riz Importé","Mpal","150","","300","270"
"2019","2019-01","04/01/2019","Riz Importé","Porokhane","30","","300",""
"2019","2019-01","04/01/2019","Riz Importé Parfumé","Tilene","120","","350","300"
"2019","2019-01","04/01/2019","Riz Importé Parfumé","Thiaroye","150","","350",""
"2019","2019-01","04/01/2019","Riz","Tilene","10","","350","270"
"2019","2019-01","04/01/2019","Riz","Thiaroye","10","","350",""
"2019","2019-01","04/01/2019","Riz","Mpal","100","","275","240"
"2019","2019-01","03/01/2019","Mil","Kaolack","90","","185",""
"2019","2019-01","03/01/2019","Mil","Tambacounda","40","","200","175"
"2019","2019-01","03/01/2019","Mil","Sédhiou","7","","250","225"
"2019","2019-01","03/01/2019","Sorgho","Kaolack","8","","225",""
"2019","2019-01","03/01/2019","Sorgho","Tambacounda","3","","225","200"
"2019","2019-01","03/01/2019","Maïs","Kaolack","25","","180",""
"2019","2019-01","03/01/2019","Maïs","Tambacounda","60","","200","175"
"2019","2019-01","03/01/2019","Maïs","Sédhiou","2","","250","225"
"2019","2019-01","03/01/2019","Riz Importé","Kaolack","433","","300",""
"2019","2019-01","03/01/2019","Riz Importé","Tambacounda","370","","300","270"
"2019","2019-01","03/01/2019","Riz Importé","Sédhiou","95","","300","280"
"2019","2019-01","03/01/2019","Riz Importé Parfumé","Kaolack","65","","400",""
"2019","2019-01","03/01/2019","Riz Importé Parfumé","Tambacounda","80","","400","350"
"2019","2019-01","03/01/2019","Riz Importé Parfumé","Sédhiou","7","","400","380"
"2019","2019-01","03/01/2019","Riz","Kaolack","48","","300",""
"2019","2019-01","02/01/2019","Mil","Ourossogui","20","","250","210"
"2019","2019-01","02/01/2019","Mil","Thiès","13","","225","200"
"2019","2019-01","02/01/2019","Sorgho","Thiès","7","","225","200"
"2019","2019-01","02/01/2019","Maïs Importé","Ourossogui","2","","250","230"
"2019","2019-01","02/01/2019","Maïs Importé","Thiès","7","","250","225"
"2019","2019-01","02/01/2019","Sorgho Importé","Ourossogui","5","","300",""
"2019","2019-01","02/01/2019","Sorgho Importé","Thiès","8","","275",""
"2019","2019-01","02/01/2019","Riz Importé","Ourossogui","20","","300","270"
"2019","2019-01","02/01/2019","Riz Importé","Thiès","20","","275","250"
"2019","2019-01","02/01/2019","Riz Importé Parfumé","Thiès","13","","400","350"
"2019","2019-01","02/01/2019","Riz","Ourossogui","2","","300","250"
"2019","2019-01","02/01/2019","Riz","Thiès","22","","270","260"
"2019","2019-01","01/01/2019","Mil","Thiodaye","1","","250","225"
"2019","2019-01","01/01/2019","Sorgho","Thiodaye","0","","275",""
"2019","2019-01","01/01/2019","Maïs Importé","Thiodaye","1","","225",""
"2019","2019-01","01/01/2019","Sorgho Importé","Thiodaye","1","","225",""
"2019","2019-01","01/01/2019","Riz Importé","Thiodaye","3","","300","270"
"2019","2019-01","01/01/2019","Riz","Thiodaye","1","","300","255"
"2018","2018-12","31/12/2018","Mil","Mereto","55","150","175",""
"2018","2018-12","31/12/2018","Mil","Saint-Louis","100","","250","230"
"2018","2018-12","31/12/2018","Mil","Kaffrine","25","160","165",""
"2018","2018-12","31/12/2018","Sorgho","Mereto","0","175","200",""
"2018","2018-12","31/12/2018","Sorgho","Kaffrine","1","180","185",""
"2018","2018-12","31/12/2018","Maïs","Mereto","75","150","175",""
"2018","2018-12","31/12/2018","Maïs","Saint-Louis","10","","250",""
"2018","2018-12","31/12/2018","Maïs","Kaffrine","2","160","165",""
"2018","2018-12","31/12/2018","Maïs Importé","Saint-Louis","40","","250",""
"2018","2018-12","31/12/2018","Sorgho Importé","Saint-Louis","20","","300",""
"2018","2018-12","31/12/2018","Riz Importé","Mereto","45","","300","270"
"2018","2018-12","31/12/2018","Riz Importé","Saint-Louis","120","","300","275"
"2018","2018-12","31/12/2018","Riz Importé","Kaffrine","85","","300",""
"2018","2018-12","31/12/2018","Riz Importé Parfumé","Mereto","6","","450","400"
"2018","2018-12","31/12/2018","Riz Importé Parfumé","Saint-Louis","50","","400","360"
"2018","2018-12","31/12/2018","Riz Importé Parfumé","Kaffrine","1","","400",""
"2018","2018-12","31/12/2018","Riz","Saint-Louis","80","","300","250"
"2018","2018-12","30/12/2018","Mil","Birkilane","45","160","165",""
"2018","2018-12","30/12/2018","Maïs","Birkilane","15","150","155",""
"2018","2018-12","30/12/2018","Riz Importé","Birkilane","95","","300",""
"2018","2018-12","30/12/2018","Riz Importé Parfumé","Birkilane","1","","400",""
"2018","2018-12","29/12/2018","Mil","Touba Toul","7","180","200",""
"2018","2018-12","29/12/2018","Mil","Touba Mouride","10","170","175",""
"2018","2018-12","29/12/2018","Maïs","Touba Toul","5","190","200",""
"2018","2018-12","29/12/2018","Maïs","Touba Mouride","1","150","160",""
"2018","2018-12","29/12/2018","Maïs Importé","Touba Toul","6","","200","180"
"2018","2018-12","29/12/2018","Riz Importé","Touba Toul","7","","270","250"
"2018","2018-12","29/12/2018","Riz Importé","Touba Mouride","15","","300","280"
"2018","2018-12","29/12/2018","Riz Importé Parfumé","Touba Toul","4","","400","375"
"2018","2018-12","29/12/2018","Riz","Touba Toul","9","","260","250"
"2018","2018-12","28/12/2018","Mil","Porokhane","30","165","170",""
"2018","2018-12","28/12/2018","Mil","Mpal","30","","250","225"
"2018","2018-12","28/12/2018","Maïs","Porokhane","7","145","150",""
"2018","2018-12","28/12/2018","Maïs","Mpal","10","","225","200"
"2018","2018-12","28/12/2018","Maïs Importé","Mpal","30","","225","200"
"2018","2018-12","28/12/2018","Sorgho Importé","Mpal","5","","325",""
"2018","2018-12","28/12/2018","Riz Importé","Porokhane","30","","300",""
"2018","2018-12","28/12/2018","Riz Importé","Mpal","150","","300","270"
"2018","2018-12","28/12/2018","Riz","Mpal","100","","275","240"
"2018","2018-12","27/12/2018","Mil","Kaolack","62","","190",""
"2018","2018-12","27/12/2018","Mil","Tambacounda","35","","200","175"
"2018","2018-12","27/12/2018","Mil","Louga","55","","215","205"
"2018","2018-12","27/12/2018","Sorgho","Kaolack","4","","230",""
"2018","2018-12","27/12/2018","Sorgho","Tambacounda","3","","225","200"
"2018","2018-12","27/12/2018","Maïs","Kaolack","20","","180",""
"2018","2018-12","27/12/2018","Maïs","Tambacounda","40","","200","175"
"2018","2018-12","27/12/2018","Maïs","Louga","50","","210","200"
"2018","2018-12","27/12/2018","Maïs Importé","Louga","290","","185","175"
"2018","2018-12","27/12/2018","Riz Importé","Kaolack","383","","300",""
"2018","2018-12","27/12/2018","Riz Importé","Tambacounda","350","","300","270"
"2018","2018-12","27/12/2018","Riz Importé","Louga","100","","300","280"
"2018","2018-12","27/12/2018","Riz Importé Parfumé","Kaolack","35","","400",""
"2018","2018-12","27/12/2018","Riz Importé Parfumé","Tambacounda","85","","450","400"
"2018","2018-12","27/12/2018","Riz Importé Parfumé","Louga","50","","400","375"
"2018","2018-12","27/12/2018","Riz","Kaolack","31","","300",""
"2018","2018-12","27/12/2018","Riz","Louga","70","","250","240"
"2018","2018-12","26/12/2018","Mil","Ourossogui","20","","250","210"
"2018","2018-12","26/12/2018","Mil","Thiès","11","","225","200"
"2018","2018-12","26/12/2018","Mil","Sédhiou","5","","225","200"
"2018","2018-12","26/12/2018","Sorgho","Ourossogui","1","","300",""
"2018","2018-12","26/12/2018","Sorgho","Thiès","5","","225","200"
"2018","2018-12","26/12/2018","Maïs","Sédhiou","2","","250","225"
"2018","2018-12","26/12/2018","Maïs Importé","Ourossogui","20","","250","230"
"2018","2018-12","26/12/2018","Maïs Importé","Thiès","6","","250","225"
"2018","2018-12","26/12/2018","Sorgho Importé","Ourossogui","1","","300",""
"2018","2018-12","26/12/2018","Sorgho Importé","Thiès","6","","275",""
"2018","2018-12","26/12/2018","Riz Importé","Ourossogui","30","","300","270"
"2018","2018-12","26/12/2018","Riz Importé","Thiès","13","","275","250"
"2018","2018-12","26/12/2018","Riz Importé","Sédhiou","100","","300","280"
"2018","2018-12","26/12/2018","Riz Importé Parfumé","Thiès","9","","400","350"
"2018","2018-12","26/12/2018","Riz Importé Parfumé","Sédhiou","10","","400","380"
"2018","2018-12","26/12/2018","Riz","Ourossogui","20","","300","260"
"2018","2018-12","26/12/2018","Riz","Thiès","18","","270","260"
"2018","2018-12","24/12/2018","Mil","Saint-Maur","80","","250","225"
"2018","2018-12","24/12/2018","Mil","Mereto","75","150","175",""
"2018","2018-12","24/12/2018","Mil","Kolda","7","","200","175"
"2018","2018-12","24/12/2018","Mil","Saint-Louis","100","","250","230"
"2018","2018-12","24/12/2018","Mil","Kaffrine","11","150","155",""
"2018","2018-12","24/12/2018","Mil","Gouille Mbeuth","40","","220","210"
"2018","2018-12","24/12/2018","Sorgho","Saint-Maur","7","","300","275"
"2018","2018-12","24/12/2018","Sorgho","Mereto","6","175","200",""
"2018","2018-12","24/12/2018","Sorgho","Kolda","2","","225","185"
"2018","2018-12","24/12/2018","Sorgho","Kaffrine","2","205","215",""
"2018","2018-12","24/12/2018","Maïs","Saint-Maur","15","","250","225"
"2018","2018-12","24/12/2018","Maïs","Mereto","85","150","175",""
"2018","2018-12","24/12/2018","Maïs","Kolda","6","","175","150"
"2018","2018-12","24/12/2018","Maïs","Saint-Louis","10","","250",""
"2018","2018-12","24/12/2018","Maïs","Kaffrine","4","140","145",""
"2018","2018-12","24/12/2018","Maïs","Gouille Mbeuth","25","","195","190"
"2018","2018-12","24/12/2018","Maïs Importé","Saint-Louis","40","","250",""
"2018","2018-12","24/12/2018","Maïs Importé","Gouille Mbeuth","70","","180","170"
"2018","2018-12","24/12/2018","Sorgho Importé","Saint-Louis","20","","300",""
"2018","2018-12","24/12/2018","Riz Importé","Saint-Maur","185","","300","285"
"2018","2018-12","24/12/2018","Riz Importé","Mereto","60","","300","270"
"2018","2018-12","24/12/2018","Riz Importé","Kolda","175","","300","280"
"2018","2018-12","24/12/2018","Riz Importé","Saint-Louis","120","","300","275"
"2018","2018-12","24/12/2018","Riz Importé","Kaffrine","100","","300",""
"2018","2018-12","24/12/2018","Riz Importé","Gouille Mbeuth","50","","300","280"
"2018","2018-12","24/12/2018","Riz Importé Parfumé","Saint-Maur","45","","400","340"
"2018","2018-12","24/12/2018","Riz Importé Parfumé","Mereto","10","","450","400"
"2018","2018-12","24/12/2018","Riz Importé Parfumé","Kolda","28","","450","400"
"2018","2018-12","24/12/2018","Riz Importé Parfumé","Saint-Louis","50","","400","360"
"2018","2018-12","24/12/2018","Riz Importé Parfumé","Kaffrine","2","","400",""
"2018","2018-12","24/12/2018","Riz Importé Parfumé","Gouille Mbeuth","20","","400","375"
"2018","2018-12","24/12/2018","Riz","Kolda","18","","300","280"
"2018","2018-12","24/12/2018","Riz","Saint-Louis","80","","300","250"
"2018","2018-12","24/12/2018","Riz","Gouille Mbeuth","20","","250","240"
"2018","2018-12","23/12/2018","Mil","Fatick","27","","225","210"
"2018","2018-12","23/12/2018","Mil","Birkilane","20","150","155",""
"2018","2018-12","23/12/2018","Sorgho","Fatick","7","","225","215"
"2018","2018-12","23/12/2018","Sorgho","Birkilane","1","205","215",""
"2018","2018-12","23/12/2018","Maïs","Fatick","0","","225","215"
"2018","2018-12","23/12/2018","Maïs","Birkilane","5","140","145",""
"2018","2018-12","23/12/2018","Maïs Importé","Fatick","42","","225","215"
"2018","2018-12","23/12/2018","Riz Importé","Fatick","85","","270",""
"2018","2018-12","23/12/2018","Riz Importé","Birkilane","60","","300",""
"2018","2018-12","23/12/2018","Riz Importé Parfumé","Fatick","45","","380",""
"2018","2018-12","23/12/2018","Riz Importé Parfumé","Birkilane","1","","400",""
"2018","2018-12","22/12/2018","Mil","Touba Toul","8","180","200",""
"2018","2018-12","22/12/2018","Mil","Passy","120","185","210","195"
"2018","2018-12","22/12/2018","Sorgho","Passy","37","195","215","200"
"2018","2018-12","22/12/2018","Maïs","Touba Toul","6","190","200",""
"2018","2018-12","22/12/2018","Maïs","Passy","52","190","220","210"
"2018","2018-12","22/12/2018","Maïs Importé","Touba Toul","7","","200","180"
"2018","2018-12","22/12/2018","Maïs Importé","Passy","45","","225","215"
"2018","2018-12","22/12/2018","Riz Importé","Touba Toul","8","","270","250"
"2018","2018-12","22/12/2018","Riz Importé","Passy","110","","270",""
"2018","2018-12","22/12/2018","Riz Importé Parfumé","Touba Toul","5","","400","375"
"2018","2018-12","22/12/2018","Riz Importé Parfumé","Passy","85","","385",""
"2018","2018-12","22/12/2018","Riz","Touba Toul","10","","260","250"
"2018","2018-12","21/12/2018","Mil","Mpal","30","","250","225"
"2018","2018-12","21/12/2018","Mil","Porokhane","40","170","175",""
"2018","2018-12","21/12/2018","Maïs","Mpal","10","","225","200"
"2018","2018-12","21/12/2018","Maïs","Porokhane","5","140","150",""
"2018","2018-12","21/12/2018","Maïs Importé","Mpal","30","","225","200"
"2018","2018-12","21/12/2018","Sorgho Importé","Mpal","5","","325",""
"2018","2018-12","21/12/2018","Riz Importé","Mpal","150","","300","270"
"2018","2018-12","21/12/2018","Riz Importé","Porokhane","30","","300",""
"2018","2018-12","21/12/2018","Riz","Mpal","100","","275","240"
"2018","2018-12","20/12/2018","Mil","Kaolack","183","","190",""
"2018","2018-12","20/12/2018","Mil","Tilene","80","","250","225"
"2018","2018-12","20/12/2018","Mil","Thiaroye","150","","225","200"
"2018","2018-12","20/12/2018","Mil","Tambacounda","40","","200","175"
"2018","2018-12","20/12/2018","Mil","Louga","90","","210","200"
"2018","2018-12","20/12/2018","Sorgho","Kaolack","2","","200",""
"2018","2018-12","20/12/2018","Sorgho","Tambacounda","1","","225","200"
"2018","2018-12","20/12/2018","Maïs","Kaolack","15","","180",""
"2018","2018-12","20/12/2018","Maïs","Tilene","5","","250","225"
"2018","2018-12","20/12/2018","Maïs","Thiaroye","12","","200","175"
"2018","2018-12","20/12/2018","Maïs","Tambacounda","30","","200","175"
"2018","2018-12","20/12/2018","Maïs","Louga","40","","210","200"
"2018","2018-12","20/12/2018","Maïs Importé","Tilene","80","","225","200"
"2018","2018-12","20/12/2018","Maïs Importé","Thiaroye","8","","200","175"
"2018","2018-12","20/12/2018","Maïs Importé","Louga","170","","185","175"
"2018","2018-12","20/12/2018","Sorgho Importé","Tilene","1","","250",""
"2018","2018-12","20/12/2018","Sorgho Importé","Thiaroye","10","","250",""
"2018","2018-12","20/12/2018","Riz Importé","Kaolack","425","","300",""
"2018","2018-12","20/12/2018","Riz Importé","Tilene","80","","300","265"
"2018","2018-12","20/12/2018","Riz Importé","Thiaroye","150","","300","260"
"2018","2018-12","20/12/2018","Riz Importé","Tambacounda","130","","300","270"
"2018","2018-12","20/12/2018","Riz Importé","Louga","120","","300","280"
"2018","2018-12","20/12/2018","Riz Importé Parfumé","Kaolack","28","","400",""
"2018","2018-12","20/12/2018","Riz Importé Parfumé","Tilene","75","","350","300"
"2018","2018-12","20/12/2018","Riz Importé Parfumé","Thiaroye","150","","350",""
"2018","2018-12","20/12/2018","Riz Importé Parfumé","Tambacounda","75","","450","400"
"2018","2018-12","20/12/2018","Riz Importé Parfumé","Louga","25","","400","375"
"2018","2018-12","20/12/2018","Riz","Kaolack","13","","300",""
"2018","2018-12","20/12/2018","Riz","Tilene","8","","350","270"
"2018","2018-12","20/12/2018","Riz","Thiaroye","15","","350",""
"2018","2018-12","20/12/2018","Riz","Louga","70","","250","240"
"2018","2018-12","19/12/2018","Mil","Ourossogui","10","","250","210"
"2018","2018-12","19/12/2018","Mil","Thiès","13","","225","200"
"2018","2018-12","19/12/2018","Mil","Diaobe","4","140","175","150"
"2018","2018-12","19/12/2018","Sorgho","Thiès","6","","225","200"
"2018","2018-12","19/12/2018","Sorgho","Diaobe","17","150","200","175"
"2018","2018-12","19/12/2018","Maïs","Diaobe","40","140","175","150"
"2018","2018-12","19/12/2018","Maïs Importé","Ourossogui","2","","250","230"
"2018","2018-12","19/12/2018","Maïs Importé","Thiès","6","","225","200"
"2018","2018-12","19/12/2018","Sorgho Importé","Ourossogui","5","","300",""
"2018","2018-12","19/12/2018","Sorgho Importé","Thiès","8","","275",""
"2018","2018-12","19/12/2018","Riz Importé","Ourossogui","20","","300","270"
"2018","2018-12","19/12/2018","Riz Importé","Thiès","15","","275","250"
"2018","2018-12","19/12/2018","Riz Importé","Diaobe","130","","300","280"
"2018","2018-12","19/12/2018","Riz Importé Parfumé","Thiès","10","","400","350"
"2018","2018-12","19/12/2018","Riz Importé Parfumé","Diaobe","6","","400","390"
"2018","2018-12","19/12/2018","Riz","Ourossogui","11","","300","260"
"2018","2018-12","19/12/2018","Riz","Thiès","20","","270","260"
"2018","2018-12","19/12/2018","Riz","Diaobe","10","","300","280"
"2018","2018-12","18/12/2018","Mil","Thiodaye","1","","250","225"
"2018","2018-12","18/12/2018","Sorgho","Thiodaye","1","","275","240"
"2018","2018-12","18/12/2018","Maïs Importé","Thiodaye","1","","225",""
"2018","2018-12","18/12/2018","Riz Importé","Thiodaye","3","","300","270"
"2018","2018-12","18/12/2018","Riz","Thiodaye","1","","300","260"
"2018","2018-12","17/12/2018","Mil","Mereto","75","150","175",""
"2018","2018-12","17/12/2018","Mil","Saint-Louis","100","","250","230"
"2018","2018-12","17/12/2018","Mil","Kolda","5","","200","175"
"2018","2018-12","17/12/2018","Mil","Gouille Mbeuth","50","","200","190"
"2018","2018-12","17/12/2018","Sorgho","Mereto","6","175","200",""
"2018","2018-12","17/12/2018","Sorgho","Kolda","1","","225","185"
"2018","2018-12","17/12/2018","Maïs","Mereto","80","150","175",""
"2018","2018-12","17/12/2018","Maïs","Saint-Louis","10","","250",""
"2018","2018-12","17/12/2018","Maïs","Kolda","5","","175","150"
"2018","2018-12","17/12/2018","Maïs","Gouille Mbeuth","20","","195","190"
"2018","2018-12","17/12/2018","Maïs Importé","Saint-Louis","40","","250",""
"2018","2018-12","17/12/2018","Maïs Importé","Gouille Mbeuth","50","","180","170"
"2018","2018-12","17/12/2018","Sorgho Importé","Saint-Louis","20","","300",""
"2018","2018-12","17/12/2018","Riz Importé","Mereto","45","","300","270"
"2018","2018-12","17/12/2018","Riz Importé","Saint-Louis","120","","300","275"
"2018","2018-12","17/12/2018","Riz Importé","Kolda","195","","300","280"
"2018","2018-12","17/12/2018","Riz Importé","Gouille Mbeuth","70","","300","280"
"2018","2018-12","17/12/2018","Riz Importé Parfumé","Mereto","9","","450","400"
"2018","2018-12","17/12/2018","Riz Importé Parfumé","Saint-Louis","50","","400","360"
"2018","2018-12","17/12/2018","Riz Importé Parfumé","Kolda","30","","450","400"
"2018","2018-12","17/12/2018","Riz Importé Parfumé","Gouille Mbeuth","10","","400","375"
"2018","2018-12","17/12/2018","Riz","Saint-Louis","80","","300","250"
"2018","2018-12","17/12/2018","Riz","Kolda","14","","300","280"
"2018","2018-12","17/12/2018","Riz","Gouille Mbeuth","10","","250","240"
"2018","2018-12","15/12/2018","Mil","Touba Mouride","5","165","175",""
"2018","2018-12","15/12/2018","Mil","Touba Toul","9","180","200",""
"2018","2018-12","15/12/2018","Sorgho","Touba Mouride","0","200","225",""
"2018","2018-12","15/12/2018","Maïs","Touba Mouride","4","200","225",""
"2018","2018-12","15/12/2018","Maïs","Touba Toul","7","190","200",""
"2018","2018-12","15/12/2018","Maïs Importé","Touba Toul","8","","200","180"
"2018","2018-12","15/12/2018","Riz Importé","Touba Mouride","18","","300","280"
"2018","2018-12","15/12/2018","Riz Importé","Touba Toul","9","","270","250"
"2018","2018-12","15/12/2018","Riz Importé Parfumé","Touba Toul","6","","400","375"
"2018","2018-12","15/12/2018","Riz","Touba Toul","11","","260","250"
"2018","2018-12","14/12/2018","Mil","Mpal","30","","250","225"
"2018","2018-12","14/12/2018","Mil","Touba","20","","210","190"
"2018","2018-12","14/12/2018","Mil","Porokhane","35","170","175",""
"2018","2018-12","14/12/2018","Sorgho","Touba","40","","225","200"
"2018","2018-12","14/12/2018","Maïs","Mpal","10","","225","200"
"2018","2018-12","14/12/2018","Maïs","Touba","46","","175","160"
"2018","2018-12","14/12/2018","Maïs","Porokhane","15","135","140",""
"2018","2018-12","14/12/2018","Maïs Importé","Mpal","30","","225","200"
"2018","2018-12","14/12/2018","Sorgho Importé","Mpal","5","","325",""
"2018","2018-12","14/12/2018","Riz Importé","Mpal","150","","300","270"
"2018","2018-12","14/12/2018","Riz Importé","Touba","1.900","","275","265"
"2018","2018-12","14/12/2018","Riz Importé","Porokhane","30","","300",""
"2018","2018-12","14/12/2018","Riz Importé Parfumé","Touba","625","","325","300"
"2018","2018-12","14/12/2018","Riz","Mpal","100","","275","240"
"2018","2018-12","14/12/2018","Riz","Touba","1.100","","250","235"
"2018","2018-12","13/12/2018","Mil","Diourbel","39","","225",""
"2018","2018-12","13/12/2018","Mil","Kaolack","160","","190",""
"2018","2018-12","13/12/2018","Mil","Louga","190","","210","200"
"2018","2018-12","13/12/2018","Sorgho","Diourbel","9","","300","250"
"2018","2018-12","13/12/2018","Sorgho","Kaolack","6","","225",""
"2018","2018-12","13/12/2018","Maïs","Kaolack","16","","180",""
"2018","2018-12","13/12/2018","Maïs","Louga","40","","210","200"
"2018","2018-12","13/12/2018","Maïs Importé","Diourbel","100","","200","180"
"2018","2018-12","13/12/2018","Maïs Importé","Louga","120","","185","175"
"2018","2018-12","13/12/2018","Riz Importé","Diourbel","300","","300","265"
"2018","2018-12","13/12/2018","Riz Importé","Kaolack","424","","300",""
"2018","2018-12","13/12/2018","Riz Importé","Louga","100","","300","280"
"2018","2018-12","13/12/2018","Riz Importé Parfumé","Diourbel","66","","400","340"
"2018","2018-12","13/12/2018","Riz Importé Parfumé","Kaolack","15","","400",""
"2018","2018-12","13/12/2018","Riz Importé Parfumé","Louga","30","","400","375"
"2018","2018-12","13/12/2018","Riz","Diourbel","90","","325",""
"2018","2018-12","13/12/2018","Riz","Kaolack","31","","300",""
"2018","2018-12","13/12/2018","Riz","Louga","50","","250","240"
"2018","2018-12","12/12/2018","Mil","Ourossogui","30","","250","210"
"2018","2018-12","12/12/2018","Mil","Sédhiou","5","","225","200"
"2018","2018-12","12/12/2018","Maïs","Sédhiou","2","","225",""
"2018","2018-12","12/12/2018","Maïs Importé","Ourossogui","20","","250","230"
"2018","2018-12","12/12/2018","Sorgho Importé","Ourossogui","1","","300",""
"2018","2018-12","12/12/2018","Riz Importé","Ourossogui","30","","300","270"
"2018","2018-12","12/12/2018","Riz Importé","Sédhiou","125","","300","280"
"2018","2018-12","12/12/2018","Riz","Ourossogui","10","","300","260"
"2018","2018-12","10/12/2018","Mil","Saint-Louis","100","","250","230"
"2018","2018-12","10/12/2018","Mil","Kolda","3","","175","150"
"2018","2018-12","10/12/2018","Mil","Kédougou","0","","300",""
"2018","2018-12","10/12/2018","Mil","Gouille Mbeuth","100","","200","190"
"2018","2018-12","10/12/2018","Sorgho","Kolda","2","","225","185"
"2018","2018-12","10/12/2018","Sorgho","Kédougou","2","","300",""
"2018","2018-12","10/12/2018","Maïs","Saint-Louis","10","","250",""
"2018","2018-12","10/12/2018","Maïs","Kolda","4","","175","150"
"2018","2018-12","10/12/2018","Maïs","Kédougou","20","","225",""
"2018","2018-12","10/12/2018","Maïs","Gouille Mbeuth","30","","195","190"
"2018","2018-12","10/12/2018","Maïs Importé","Saint-Louis","40","","250",""
"2018","2018-12","10/12/2018","Maïs Importé","Gouille Mbeuth","70","","180","170"
"2018","2018-12","10/12/2018","Sorgho Importé","Saint-Louis","20","","300",""
"2018","2018-12","10/12/2018","Riz Importé","Saint-Louis","120","","300","275"
"2018","2018-12","10/12/2018","Riz Importé","Kolda","235","","300","280"
"2018","2018-12","10/12/2018","Riz Importé","Kédougou","130","","280","260"
"2018","2018-12","10/12/2018","Riz Importé","Gouille Mbeuth","30","","300","280"
"2018","2018-12","10/12/2018","Riz Importé Parfumé","Saint-Louis","50","","400","360"
"2018","2018-12","10/12/2018","Riz Importé Parfumé","Kolda","10","","450","400"
"2018","2018-12","10/12/2018","Riz Importé Parfumé","Kédougou","85","","400","375"
"2018","2018-12","10/12/2018","Riz Importé Parfumé","Gouille Mbeuth","10","","400","375"
"2018","2018-12","10/12/2018","Riz","Saint-Louis","80","","325",""
"2018","2018-12","10/12/2018","Riz","Kolda","12","","300","280"
"2018","2018-12","10/12/2018","Riz","Gouille Mbeuth","20","","250","240"
"2018","2018-12","08/12/2018","Mil","Touba Mouride","25","160","165",""
"2018","2018-12","08/12/2018","Sorgho","Touba Mouride","0","200","225",""
"2018","2018-12","08/12/2018","Maïs","Touba Mouride","4","150","165",""
"2018","2018-12","08/12/2018","Maïs","Mako","1","","250",""
"2018","2018-12","08/12/2018","Riz Importé","Touba Mouride","15","","300","280"
"2018","2018-12","08/12/2018","Riz Importé","Mako","5","","300",""
"2018","2018-12","08/12/2018","Riz Importé Parfumé","Mako","1","","450",""
"2018","2018-12","07/12/2018","Mil","Tambacounda","60","","200","175"
"2018","2018-12","07/12/2018","Mil","Mpal","30","","250","225"
"2018","2018-12","07/12/2018","Mil","Porokhane","15","170","175",""
"2018","2018-12","07/12/2018","Maïs","Tambacounda","25","","225","200"
"2018","2018-12","07/12/2018","Maïs","Mpal","10","","225","200"
"2018","2018-12","07/12/2018","Maïs","Porokhane","5","140","145",""
"2018","2018-12","07/12/2018","Maïs Importé","Mpal","30","","225","200"
"2018","2018-12","07/12/2018","Sorgho Importé","Mpal","5","","325",""
"2018","2018-12","07/12/2018","Riz Importé","Tambacounda","170","","300","270"
"2018","2018-12","07/12/2018","Riz Importé","Mpal","150","","300","270"
"2018","2018-12","07/12/2018","Riz Importé","Porokhane","30","","275",""
"2018","2018-12","07/12/2018","Riz Importé Parfumé","Tambacounda","40","","450","400"
"2018","2018-12","07/12/2018","Riz","Mpal","100","","275","240"
"2018","2018-12","06/12/2018","Mil","Louga","90","","210","200"
"2018","2018-12","06/12/2018","Mil","Kaolack","11","","190",""
"2018","2018-12","06/12/2018","Sorgho","Kaolack","0","","250",""
"2018","2018-12","06/12/2018","Maïs","Louga","50","","210","200"
"2018","2018-12","06/12/2018","Maïs","Kaolack","90","","180",""
"2018","2018-12","06/12/2018","Maïs Importé","Louga","270","","185","175"
"2018","2018-12","06/12/2018","Riz Importé","Louga","80","","300","250"
"2018","2018-12","06/12/2018","Riz Importé","Kaolack","377","","300",""
"2018","2018-12","06/12/2018","Riz Importé Parfumé","Louga","20","","400","375"
"2018","2018-12","06/12/2018","Riz Importé Parfumé","Kaolack","15","","400",""
"2018","2018-12","06/12/2018","Riz","Louga","10","","250","240"
"2018","2018-12","06/12/2018","Riz","Kaolack","80","","300","275"
"2018","2018-12","05/12/2018","Mil","Ourossogui","20","","250","210"
"2018","2018-12","05/12/2018","Mil","Sédhiou","1","","185","175"
"2018","2018-12","05/12/2018","Mil","Thiès","12","","225","200"
"2018","2018-12","05/12/2018","Sorgho","Thiès","5","","225","200"
"2018","2018-12","05/12/2018","Maïs","Sédhiou","3","","225",""
"2018","2018-12","05/12/2018","Maïs Importé","Ourossogui","2","","250","230"
"2018","2018-12","05/12/2018","Maïs Importé","Thiès","6","","225","200"
"2018","2018-12","05/12/2018","Sorgho Importé","Ourossogui","5","","300",""
"2018","2018-12","05/12/2018","Sorgho Importé","Thiès","8","","275",""
"2018","2018-12","05/12/2018","Riz Importé","Ourossogui","20","","300","270"
"2018","2018-12","05/12/2018","Riz Importé","Sédhiou","105","","300","280"
"2018","2018-12","05/12/2018","Riz Importé","Thiès","10","","275","250"
"2018","2018-12","05/12/2018","Riz Importé Parfumé","Thiès","10","","400","350"
"2018","2018-12","05/12/2018","Riz","Ourossogui","2","","300","260"
"2018","2018-12","05/12/2018","Riz","Thiès","17","","270","260"
"2018","2018-12","04/12/2018","Mil","Thiodaye","1","","250",""
"2018","2018-12","04/12/2018","Sorgho","Thiodaye","0","","275","240"
"2018","2018-12","04/12/2018","Maïs Importé","Thiodaye","1","","225",""
"2018","2018-12","04/12/2018","Sorgho Importé","Thiodaye","1","","225",""
"2018","2018-12","04/12/2018","Riz Importé","Thiodaye","3","","300","270"
"2018","2018-12","04/12/2018","Riz","Thiodaye","1","","300","255"
"2018","2018-12","03/12/2018","Mil","Gouille Mbeuth","50","","230","210"
"2018","2018-12","03/12/2018","Mil","Mereto","95","150","175",""
"2018","2018-12","03/12/2018","Mil","Saint-Louis","100","","250","230"
"2018","2018-12","03/12/2018","Sorgho","Mereto","2","200","225",""
"2018","2018-12","03/12/2018","Maïs","Gouille Mbeuth","20","","195","190"
"2018","2018-12","03/12/2018","Maïs","Mereto","60","175","200",""
"2018","2018-12","03/12/2018","Maïs","Saint-Louis","10","","250",""
"2018","2018-12","03/12/2018","Maïs Importé","Gouille Mbeuth","80","","180","170"
"2018","2018-12","03/12/2018","Maïs Importé","Saint-Louis","40","","250",""
"2018","2018-12","03/12/2018","Sorgho Importé","Saint-Louis","20","","300",""
"2018","2018-12","03/12/2018","Riz Importé","Gouille Mbeuth","40","","300","260"
"2018","2018-12","03/12/2018","Riz Importé","Mereto","60","","300","270"
"2018","2018-12","03/12/2018","Riz Importé","Saint-Louis","120","","300","275"
"2018","2018-12","03/12/2018","Riz Importé Parfumé","Gouille Mbeuth","15","","400","375"
"2018","2018-12","03/12/2018","Riz Importé Parfumé","Mereto","9","","450","400"
"2018","2018-12","03/12/2018","Riz Importé Parfumé","Saint-Louis","50","","400","360"
"2018","2018-12","03/12/2018","Riz","Gouille Mbeuth","5","","250","240"
"2018","2018-12","03/12/2018","Riz","Saint-Louis","80","","325",""
"2018","2018-12","01/12/2018","Mil","Touba Mouride","23","150","160",""
"2018","2018-12","01/12/2018","Mil","Touba Toul","8","180","200",""
"2018","2018-12","01/12/2018","Sorgho","Touba Mouride","1","225","250",""
"2018","2018-12","01/12/2018","Maïs","Touba Mouride","3","140","150",""
"2018","2018-12","01/12/2018","Maïs","Touba Toul","3","","200","190"
"2018","2018-12","01/12/2018","Maïs Importé","Touba Toul","4","","200","180"
"2018","2018-12","01/12/2018","Riz Importé","Touba Mouride","15","","300","280"
"2018","2018-12","01/12/2018","Riz Importé","Touba Toul","4","","270","250"
"2018","2018-12","01/12/2018","Riz Importé Parfumé","Touba Mouride","1","","325","375"
"2018","2018-12","01/12/2018","Riz Importé Parfumé","Touba Toul","1","","400","375"
"2018","2018-12","01/12/2018","Riz","Touba Toul","6","","260","250"
"2018","2018-11","30/11/2018","Mil","Mpal","30","","250","225"
"2018","2018-11","30/11/2018","Mil","Porokhane","15","155","160",""
"2018","2018-11","30/11/2018","Maïs","Mpal","10","","225",""
"2018","2018-11","30/11/2018","Maïs","Porokhane","7","125","130",""
"2018","2018-11","30/11/2018","Maïs Importé","Mpal","30","","225",""
"2018","2018-11","30/11/2018","Sorgho Importé","Mpal","5","","325",""
"2018","2018-11","30/11/2018","Riz Importé","Mpal","150","","300","270"
"2018","2018-11","30/11/2018","Riz Importé","Porokhane","30","","275",""
"2018","2018-11","30/11/2018","Riz","Mpal","100","","275","240"
"2018","2018-11","29/11/2018","Mil","Louga","150","","210","200"
"2018","2018-11","29/11/2018","Mil","Kaolack","112","","190",""
"2018","2018-11","29/11/2018","Mil","Saint-Maur","60","","300",""
"2018","2018-11","29/11/2018","Mil","Tilene","120","","250",""
"2018","2018-11","29/11/2018","Mil","Thiaroye","150","","250",""
"2018","2018-11","29/11/2018","Mil","Tambacounda","18","","200","175"
"2018","2018-11","29/11/2018","Sorgho","Kaolack","0","","275",""
"2018","2018-11","29/11/2018","Sorgho","Saint-Maur","3","","300","250"
"2018","2018-11","29/11/2018","Sorgho","Tambacounda","0","","225","200"
"2018","2018-11","29/11/2018","Maïs","Louga","40","","210","200"
"2018","2018-11","29/11/2018","Maïs","Kaolack","90","","180",""
"2018","2018-11","29/11/2018","Maïs","Saint-Maur","0","","250","225"
"2018","2018-11","29/11/2018","Maïs","Tilene","10","","250","225"
"2018","2018-11","29/11/2018","Maïs","Thiaroye","15","","200","180"
"2018","2018-11","29/11/2018","Maïs","Tambacounda","30","","200","175"
"2018","2018-11","29/11/2018","Maïs Importé","Louga","270","","185","175"
"2018","2018-11","29/11/2018","Maïs Importé","Tilene","5","","250","200"
"2018","2018-11","29/11/2018","Maïs Importé","Thiaroye","10","","200","170"
"2018","2018-11","29/11/2018","Sorgho Importé","Tilene","8","","250",""
"2018","2018-11","29/11/2018","Sorgho Importé","Thiaroye","15","","250",""
"2018","2018-11","29/11/2018","Riz Importé","Louga","100","","300","250"
"2018","2018-11","29/11/2018","Riz Importé","Kaolack","388","","275",""
"2018","2018-11","29/11/2018","Riz Importé","Saint-Maur","110","","300","280"
"2018","2018-11","29/11/2018","Riz Importé","Tilene","120","","300","265"
"2018","2018-11","29/11/2018","Riz Importé","Thiaroye","150","","300","260"
"2018","2018-11","29/11/2018","Riz Importé","Tambacounda","140","","300","270"
"2018","2018-11","29/11/2018","Riz Importé Parfumé","Louga","20","","400","375"
"2018","2018-11","29/11/2018","Riz Importé Parfumé","Tilene","150","","350","300"
"2018","2018-11","29/11/2018","Riz Importé Parfumé","Thiaroye","180","","350",""
"2018","2018-11","29/11/2018","Riz Importé Parfumé","Tambacounda","15","","450","400"
"2018","2018-11","29/11/2018","Riz","Louga","15","","240","225"
"2018","2018-11","29/11/2018","Riz","Kaolack","52","","350",""
"2018","2018-11","29/11/2018","Riz","Tilene","10","","350","270"
"2018","2018-11","29/11/2018","Riz","Thiaroye","15","","350",""
"2018","2018-11","28/11/2018","Mil","Ourossogui","25","","250",""
"2018","2018-11","28/11/2018","Mil","Sédhiou","10","","180","175"
"2018","2018-11","28/11/2018","Mil","Thiès","9","","225","200"
"2018","2018-11","28/11/2018","Sorgho","Thiès","5","","225","200"
"2018","2018-11","28/11/2018","Maïs","Sédhiou","4","","225",""
"2018","2018-11","28/11/2018","Maïs Importé","Ourossogui","15","","250","230"
"2018","2018-11","28/11/2018","Maïs Importé","Thiès","6","","225","200"
"2018","2018-11","28/11/2018","Sorgho Importé","Ourossogui","1","","300",""
"2018","2018-11","28/11/2018","Sorgho Importé","Thiès","8","","275",""
"2018","2018-11","28/11/2018","Riz Importé","Ourossogui","30","","300","270"
"2018","2018-11","28/11/2018","Riz Importé","Sédhiou","125","","300","280"
"2018","2018-11","28/11/2018","Riz Importé","Thiès","10","","275","250"
"2018","2018-11","28/11/2018","Riz Importé Parfumé","Thiès","10","","400","350"
"2018","2018-11","28/11/2018","Riz","Ourossogui","4","","300","260"
"2018","2018-11","28/11/2018","Riz","Thiès","17","","270","260"
"2018","2018-11","27/11/2018","Maïs","Mako","1","","225",""
"2018","2018-11","27/11/2018","Riz Importé","Mako","5","","300",""
"2018","2018-11","27/11/2018","Riz Importé Parfumé","Mako","2","","450",""
"2018","2018-11","26/11/2018","Mil","Saint-Louis","50","","250","230"
"2018","2018-11","26/11/2018","Mil","Gouille Mbeuth","40","","225","215"
"2018","2018-11","26/11/2018","Mil","Kédougou","0","","275",""
"2018","2018-11","26/11/2018","Mil","Mereto","40","150","175",""
"2018","2018-11","26/11/2018","Mil","Kaffrine","28","165","175",""
"2018","2018-11","26/11/2018","Sorgho","Kédougou","2","","300",""
"2018","2018-11","26/11/2018","Sorgho","Mereto","6","175","200",""
"2018","2018-11","26/11/2018","Maïs","Saint-Louis","10","","250",""
"2018","2018-11","26/11/2018","Maïs","Gouille Mbeuth","10","","185","180"
"2018","2018-11","26/11/2018","Maïs","Kédougou","20","","225",""
"2018","2018-11","26/11/2018","Maïs","Mereto","75","150","175",""
"2018","2018-11","26/11/2018","Maïs","Kaffrine","15","150","155",""
"2018","2018-11","26/11/2018","Maïs Importé","Saint-Louis","40","","250",""
"2018","2018-11","26/11/2018","Sorgho Importé","Saint-Louis","5","","325",""
"2018","2018-11","26/11/2018","Riz Importé","Saint-Louis","120","","300","275"
"2018","2018-11","26/11/2018","Riz Importé","Gouille Mbeuth","50","","300","260"
"2018","2018-11","26/11/2018","Riz Importé","Kédougou","150","","280","260"
"2018","2018-11","26/11/2018","Riz Importé","Mereto","45","","300","270"
"2018","2018-11","26/11/2018","Riz Importé","Kaffrine","110","","300",""
"2018","2018-11","26/11/2018","Riz Importé Parfumé","Saint-Louis","50","","400","360"
"2018","2018-11","26/11/2018","Riz Importé Parfumé","Gouille Mbeuth","10","","400","375"
"2018","2018-11","26/11/2018","Riz Importé Parfumé","Kédougou","75","","400","375"
"2018","2018-11","26/11/2018","Riz Importé Parfumé","Mereto","7","","450","400"
"2018","2018-11","26/11/2018","Riz Importé Parfumé","Kaffrine","2","","400",""
"2018","2018-11","26/11/2018","Riz","Saint-Louis","80","","325",""
"2018","2018-11","26/11/2018","Riz","Gouille Mbeuth","8","","275","250"
"2018","2018-11","25/11/2018","Mil","Fatick","5","","250","235"
"2018","2018-11","25/11/2018","Sorgho","Fatick","1","","250","235"
"2018","2018-11","25/11/2018","Maïs","Fatick","3","","250","235"
"2018","2018-11","25/11/2018","Maïs Importé","Fatick","35","","225","215"
"2018","2018-11","25/11/2018","Riz Importé","Fatick","75","","270",""
"2018","2018-11","25/11/2018","Riz Importé Parfumé","Fatick","30","","350",""
"2018","2018-11","24/11/2018","Mil","Touba Mouride","25","150","160",""
"2018","2018-11","24/11/2018","Mil","Touba Toul","4","","225","200"
"2018","2018-11","24/11/2018","Mil","Passy","47","190","220","200"
"2018","2018-11","24/11/2018","Sorgho","Touba Mouride","1","225","250",""
"2018","2018-11","24/11/2018","Maïs","Touba Mouride","4","140","150",""
"2018","2018-11","24/11/2018","Maïs","Touba Toul","3","","200","190"
"2018","2018-11","24/11/2018","Maïs","Passy","23","185","220","210"
"2018","2018-11","24/11/2018","Maïs Importé","Touba Toul","4","","200","180"
"2018","2018-11","24/11/2018","Maïs Importé","Passy","32","","220","210"
"2018","2018-11","24/11/2018","Riz Importé","Touba Mouride","15","","300","280"
"2018","2018-11","24/11/2018","Riz Importé","Touba Toul","4","","270","250"
"2018","2018-11","24/11/2018","Riz Importé","Passy","110","","270",""
"2018","2018-11","24/11/2018","Riz Importé Parfumé","Touba Mouride","1","","325","375"
"2018","2018-11","24/11/2018","Riz Importé Parfumé","Touba Toul","1","","400","375"
"2018","2018-11","24/11/2018","Riz Importé Parfumé","Passy","42","","350",""
"2018","2018-11","24/11/2018","Riz","Touba Toul","6","","260","250"
"2018","2018-11","23/11/2018","Mil","Mpal","30","","250","225"
"2018","2018-11","23/11/2018","Mil","Porokhane","16","155","160",""
"2018","2018-11","23/11/2018","Mil","Birkilane","20","150","155",""
"2018","2018-11","23/11/2018","Sorgho","Birkilane","1","205","215",""
"2018","2018-11","23/11/2018","Maïs","Mpal","10","","225",""
"2018","2018-11","23/11/2018","Maïs","Porokhane","10","135","145",""
"2018","2018-11","23/11/2018","Maïs","Birkilane","5","140","145",""
"2018","2018-11","23/11/2018","Maïs Importé","Mpal","30","","225",""
"2018","2018-11","23/11/2018","Sorgho Importé","Mpal","5","","325",""
"2018","2018-11","23/11/2018","Riz Importé","Mpal","150","","300","270"
"2018","2018-11","23/11/2018","Riz Importé","Porokhane","30","","275",""
"2018","2018-11","23/11/2018","Riz Importé","Birkilane","60","","300",""
"2018","2018-11","23/11/2018","Riz Importé Parfumé","Birkilane","1","","400",""
"2018","2018-11","23/11/2018","Riz","Mpal","100","","275","240"
"2018","2018-11","22/11/2018","Mil","Kaolack","30","","190",""
"2018","2018-11","22/11/2018","Mil","Tambacounda","40","","175","150"
"2018","2018-11","22/11/2018","Sorgho","Kaolack","0","","300",""
"2018","2018-11","22/11/2018","Sorgho","Tambacounda","1","","225","200"
"2018","2018-11","22/11/2018","Maïs","Kaolack","25","","175",""
"2018","2018-11","22/11/2018","Maïs","Tambacounda","65","","175","150"
"2018","2018-11","22/11/2018","Riz Importé","Kaolack","350","","275",""
"2018","2018-11","22/11/2018","Riz Importé","Tambacounda","130","","300","270"
"2018","2018-11","22/11/2018","Riz Importé Parfumé","Kaolack","3","","500","450"
"2018","2018-11","22/11/2018","Riz Importé Parfumé","Tambacounda","90","","450","400"
"2018","2018-11","22/11/2018","Riz","Kaolack","18","","300",""
"2018","2018-11","21/11/2018","Mil","Diaobe","6","150","200","175"
"2018","2018-11","21/11/2018","Mil","Sédhiou","12","","180","175"
"2018","2018-11","21/11/2018","Mil","Thiès","7","","225","200"
"2018","2018-11","21/11/2018","Sorgho","Diaobe","2","150","200",""
"2018","2018-11","21/11/2018","Sorgho","Thiès","3","","225","200"
"2018","2018-11","21/11/2018","Maïs","Diaobe","10","150","175",""
"2018","2018-11","21/11/2018","Maïs","Sédhiou","2","","225",""
"2018","2018-11","21/11/2018","Maïs Importé","Diaobe","5","","200",""
"2018","2018-11","21/11/2018","Maïs Importé","Thiès","4","","225","200"
"2018","2018-11","21/11/2018","Sorgho Importé","Thiès","6","","275",""
"2018","2018-11","21/11/2018","Riz Importé","Diaobe","70","","300","280"
"2018","2018-11","21/11/2018","Riz Importé","Sédhiou","95","","300","280"
"2018","2018-11","21/11/2018","Riz Importé","Thiès","10","","275","250"
"2018","2018-11","21/11/2018","Riz Importé Parfumé","Thiès","8","","400","350"
"2018","2018-11","21/11/2018","Riz","Diaobe","31","","300","280"
"2018","2018-11","21/11/2018","Riz","Thiès","15","","270","260"
"2018","2018-11","19/11/2018","Mil","Saint-Louis","50","","250","230"
"2018","2018-11","19/11/2018","Mil","Mereto","75","125","150",""
"2018","2018-11","19/11/2018","Mil","Kolda","5","","200","175"
"2018","2018-11","19/11/2018","Mil","Kaffrine","18","150","155",""
"2018","2018-11","19/11/2018","Sorgho","Mereto","4","175","200",""
"2018","2018-11","19/11/2018","Sorgho","Kolda","1","","300","250"
"2018","2018-11","19/11/2018","Maïs","Saint-Louis","10","","250",""
"2018","2018-11","19/11/2018","Maïs","Mereto","90","125","150",""
"2018","2018-11","19/11/2018","Maïs","Kolda","5","","200","175"
"2018","2018-11","19/11/2018","Maïs","Kaffrine","10","150","155",""
"2018","2018-11","19/11/2018","Maïs Importé","Saint-Louis","40","","250",""
"2018","2018-11","19/11/2018","Sorgho Importé","Saint-Louis","5","","325",""
"2018","2018-11","19/11/2018","Riz Importé","Saint-Louis","120","","300","275"
"2018","2018-11","19/11/2018","Riz Importé","Mereto","40","","300","270"
"2018","2018-11","19/11/2018","Riz Importé","Kolda","175","","300","280"
"2018","2018-11","19/11/2018","Riz Importé","Kaffrine","100","","300",""
"2018","2018-11","19/11/2018","Riz Importé Parfumé","Saint-Louis","50","","400","360"
"2018","2018-11","19/11/2018","Riz Importé Parfumé","Mereto","12","","450","400"
"2018","2018-11","19/11/2018","Riz Importé Parfumé","Kolda","0","","400","390"
"2018","2018-11","19/11/2018","Riz Importé Parfumé","Kaffrine","2","","400",""
"2018","2018-11","19/11/2018","Riz","Saint-Louis","80","","325",""
"2018","2018-11","19/11/2018","Riz","Kolda","15","","300","280"
"2018","2018-11","17/11/2018","Mil","Touba Toul","4","","225","200"
"2018","2018-11","17/11/2018","Maïs","Touba Toul","3","","200","190"
"2018","2018-11","17/11/2018","Maïs Importé","Touba Toul","4","","200","180"
"2018","2018-11","17/11/2018","Riz Importé","Touba Toul","4","","270","250"
"2018","2018-11","17/11/2018","Riz Importé Parfumé","Touba Toul","1","","400","375"
"2018","2018-11","17/11/2018","Riz","Touba Toul","6","","260","250"
"2018","2018-11","16/11/2018","Mil","Thiaroye","60","","200","180"
"2018","2018-11","16/11/2018","Mil","Porokhane","16","155","160",""
"2018","2018-11","16/11/2018","Mil","Mpal","30","","250","225"
"2018","2018-11","16/11/2018","Sorgho","Thiaroye","25","","190","170"
"2018","2018-11","16/11/2018","Maïs","Thiaroye","30","","200","180"
"2018","2018-11","16/11/2018","Maïs","Porokhane","10","135","145",""
"2018","2018-11","16/11/2018","Maïs","Mpal","10","","225",""
"2018","2018-11","16/11/2018","Maïs Importé","Mpal","30","","225",""
"2018","2018-11","16/11/2018","Sorgho Importé","Mpal","5","","325",""
"2018","2018-11","16/11/2018","Riz Importé","Thiaroye","50","","260","250"
"2018","2018-11","16/11/2018","Riz Importé","Porokhane","30","","275",""
"2018","2018-11","16/11/2018","Riz Importé","Mpal","150","","300","270"
"2018","2018-11","16/11/2018","Riz Importé Parfumé","Thiaroye","120","","400","350"
"2018","2018-11","16/11/2018","Riz","Mpal","100","","275","240"
"2018","2018-11","15/11/2018","Mil","Louga","120","","210","200"
"2018","2018-11","15/11/2018","Mil","Tilene","40","","230","220"
"2018","2018-11","15/11/2018","Mil","Kaolack","40","","190",""
"2018","2018-11","15/11/2018","Mil","Tambacounda","37","","175","150"
"2018","2018-11","15/11/2018","Mil","Saint-Maur","75","","250","225"
"2018","2018-11","15/11/2018","Sorgho","Tilene","15","","200","180"
"2018","2018-11","15/11/2018","Sorgho","Kaolack","1","","300",""
"2018","2018-11","15/11/2018","Sorgho","Tambacounda","2","","225","200"
"2018","2018-11","15/11/2018","Sorgho","Saint-Maur","2","","300","250"
"2018","2018-11","15/11/2018","Maïs","Louga","40","","210","200"
"2018","2018-11","15/11/2018","Maïs","Tilene","10","","250","225"
"2018","2018-11","15/11/2018","Maïs","Kaolack","27","","175",""
"2018","2018-11","15/11/2018","Maïs","Tambacounda","30","","175","150"
"2018","2018-11","15/11/2018","Maïs","Saint-Maur","4","","250","225"
"2018","2018-11","15/11/2018","Maïs Importé","Louga","270","","185","175"
"2018","2018-11","15/11/2018","Riz Importé","Louga","100","","300","250"
"2018","2018-11","15/11/2018","Riz Importé","Tilene","50","","280","260"
"2018","2018-11","15/11/2018","Riz Importé","Kaolack","470","","275",""
"2018","2018-11","15/11/2018","Riz Importé","Tambacounda","180","","300","270"
"2018","2018-11","15/11/2018","Riz Importé","Saint-Maur","120","","300","280"
"2018","2018-11","15/11/2018","Riz Importé Parfumé","Louga","20","","400","375"
"2018","2018-11","15/11/2018","Riz Importé Parfumé","Tilene","150","","350","300"
"2018","2018-11","15/11/2018","Riz Importé Parfumé","Kaolack","120","","400",""
"2018","2018-11","15/11/2018","Riz Importé Parfumé","Tambacounda","60","","400","330"
"2018","2018-11","15/11/2018","Riz","Louga","15","","240","225"
"2018","2018-11","15/11/2018","Riz","Kaolack","18","","300",""
"2018","2018-11","14/11/2018","Mil","Ourossogui","20","","250",""
"2018","2018-11","14/11/2018","Mil","Thiès","7","","225","200"
"2018","2018-11","14/11/2018","Sorgho","Thiès","3","","225","200"
"2018","2018-11","14/11/2018","Maïs Importé","Ourossogui","2","","250","225"
"2018","2018-11","14/11/2018","Maïs Importé","Thiès","4","","225","200"
"2018","2018-11","14/11/2018","Sorgho Importé","Ourossogui","5","","250",""
"2018","2018-11","14/11/2018","Sorgho Importé","Thiès","6","","275",""
"2018","2018-11","14/11/2018","Riz Importé","Ourossogui","20","","300","260"
"2018","2018-11","14/11/2018","Riz Importé","Thiès","10","","275","250"
"2018","2018-11","14/11/2018","Riz Importé Parfumé","Thiès","8","","400","350"
"2018","2018-11","14/11/2018","Riz","Ourossogui","20","","300","250"
"2018","2018-11","14/11/2018","Riz","Thiès","15","","270","260"
"2018","2018-11","12/11/2018","Mil","Gouille Mbeuth","60","","225","215"
"2018","2018-11","12/11/2018","Mil","Saint-Louis","50","","250","230"
"2018","2018-11","12/11/2018","Mil","Mereto","50","125","150",""
"2018","2018-11","12/11/2018","Mil","Kaffrine","20","150","155",""
"2018","2018-11","12/11/2018","Maïs","Gouille Mbeuth","10","","185","180"
"2018","2018-11","12/11/2018","Maïs","Saint-Louis","10","","250",""
"2018","2018-11","12/11/2018","Maïs","Mereto","75","125","150",""
"2018","2018-11","12/11/2018","Maïs","Kaffrine","5","150","155",""
"2018","2018-11","12/11/2018","Maïs Importé","Saint-Louis","40","","250",""
"2018","2018-11","12/11/2018","Sorgho Importé","Saint-Louis","5","","325",""
"2018","2018-11","12/11/2018","Riz Importé","Gouille Mbeuth","50","","300","260"
"2018","2018-11","12/11/2018","Riz Importé","Saint-Louis","120","","300","275"
"2018","2018-11","12/11/2018","Riz Importé","Mereto","60","","300","270"
"2018","2018-11","12/11/2018","Riz Importé","Kaffrine","95","","300",""
"2018","2018-11","12/11/2018","Riz Importé Parfumé","Gouille Mbeuth","10","","400","375"
"2018","2018-11","12/11/2018","Riz Importé Parfumé","Saint-Louis","50","","400","360"
"2018","2018-11","12/11/2018","Riz Importé Parfumé","Mereto","15","","450","400"
"2018","2018-11","12/11/2018","Riz Importé Parfumé","Kaffrine","1","","400",""
"2018","2018-11","12/11/2018","Riz","Gouille Mbeuth","8","","275","250"
"2018","2018-11","12/11/2018","Riz","Saint-Louis","80","","325",""
"2018","2018-11","11/11/2018","Mil","Birkilane","25","150","155",""
"2018","2018-11","11/11/2018","Maïs","Birkilane","9","150","155",""
"2018","2018-11","11/11/2018","Riz Importé","Birkilane","60","","300",""
"2018","2018-11","11/11/2018","Riz Importé Parfumé","Birkilane","1","","400",""
"2018","2018-11","10/11/2018","Mil","Touba Toul","4","","225","200"
"2018","2018-11","10/11/2018","Maïs","Touba Toul","3","","200","190"
"2018","2018-11","10/11/2018","Maïs Importé","Touba Toul","4","","200","180"
"2018","2018-11","10/11/2018","Riz Importé","Touba Toul","4","","270","250"
"2018","2018-11","10/11/2018","Riz Importé Parfumé","Touba Toul","1","","400","375"
"2018","2018-11","10/11/2018","Riz","Touba Toul","6","","260","250"
"2018","2018-11","09/11/2018","Mil","Porokhane","10","150","155",""
"2018","2018-11","09/11/2018","Mil","Mpal","30","","250","225"
"2018","2018-11","09/11/2018","Mil","Touba","66","","195","185"
"2018","2018-11","09/11/2018","Sorgho","Touba","10","","260","240"
"2018","2018-11","09/11/2018","Maïs","Porokhane","0","150","155",""
"2018","2018-11","09/11/2018","Maïs","Mpal","10","","225",""
"2018","2018-11","09/11/2018","Maïs","Touba","30","","180","160"
"2018","2018-11","09/11/2018","Maïs Importé","Mpal","30","","225",""
"2018","2018-11","09/11/2018","Maïs Importé","Touba","66","","180","160"
"2018","2018-11","09/11/2018","Sorgho Importé","Mpal","5","","325",""
"2018","2018-11","09/11/2018","Riz Importé","Porokhane","30","","275",""
"2018","2018-11","09/11/2018","Riz Importé","Mpal","150","","300","270"
"2018","2018-11","09/11/2018","Riz Importé","Touba","2.000","","260","255"
"2018","2018-11","09/11/2018","Riz Importé Parfumé","Touba","100","","325","300"
"2018","2018-11","09/11/2018","Riz","Mpal","100","","275","240"
"2018","2018-11","09/11/2018","Riz","Touba","1.000","","240","230"
"2018","2018-11","08/11/2018","Mil","Louga","150","","210","200"
"2018","2018-11","08/11/2018","Maïs","Louga","40","","210","200"
"2018","2018-11","08/11/2018","Maïs Importé","Louga","100","","185","175"
"2018","2018-11","08/11/2018","Riz Importé","Louga","80","","300","275"
"2018","2018-11","08/11/2018","Riz Importé Parfumé","Louga","25","","400","375"
"2018","2018-11","08/11/2018","Riz","Louga","5","","240","225"
"2018","2018-11","07/11/2018","Mil","Ourossogui","20","","300",""
"2018","2018-11","07/11/2018","Maïs Importé","Ourossogui","2","","250","225"
"2018","2018-11","07/11/2018","Sorgho Importé","Ourossogui","5","","300",""
"2018","2018-11","07/11/2018","Riz Importé","Ourossogui","20","","300","260"
"2018","2018-11","07/11/2018","Riz","Ourossogui","20","","350","300"
"2018","2018-11","06/11/2018","Mil","Thiodaye","1","","250","225"
"2018","2018-11","06/11/2018","Sorgho","Thiodaye","1","","350",""
"2018","2018-11","06/11/2018","Maïs Importé","Thiodaye","1","","250",""
"2018","2018-11","06/11/2018","Riz Importé","Thiodaye","3","","300","270"
"2018","2018-11","06/11/2018","Riz","Thiodaye","1","","300","255"
"2018","2018-11","05/11/2018","Mil","Saint-Louis","50","","250","230"
"2018","2018-11","05/11/2018","Mil","Gouille Mbeuth","60","","210","200"
"2018","2018-11","05/11/2018","Mil","Kaffrine","10","150","155",""
"2018","2018-11","05/11/2018","Maïs","Saint-Louis","10","","250",""
"2018","2018-11","05/11/2018","Maïs","Gouille Mbeuth","10","","195","190"
"2018","2018-11","05/11/2018","Maïs","Kaffrine","3","150","155",""
"2018","2018-11","05/11/2018","Maïs Importé","Saint-Louis","40","","250",""
"2018","2018-11","05/11/2018","Maïs Importé","Gouille Mbeuth","50","","180","170"
"2018","2018-11","05/11/2018","Sorgho Importé","Saint-Louis","5","","350",""
"2018","2018-11","05/11/2018","Riz Importé","Saint-Louis","120","","300","275"
"2018","2018-11","05/11/2018","Riz Importé","Gouille Mbeuth","50","","300","260"
"2018","2018-11","05/11/2018","Riz Importé","Kaffrine","100","","300",""
"2018","2018-11","05/11/2018","Riz Importé Parfumé","Saint-Louis","50","","400","360"
"2018","2018-11","05/11/2018","Riz Importé Parfumé","Gouille Mbeuth","10","","400","375"
"2018","2018-11","05/11/2018","Riz Importé Parfumé","Kaffrine","1","","400",""
"2018","2018-11","05/11/2018","Riz","Saint-Louis","80","","325",""
"2018","2018-11","05/11/2018","Riz","Gouille Mbeuth","10","","275","250"
"2018","2018-11","04/11/2018","Mil","Birkilane","11","150","155",""
"2018","2018-11","04/11/2018","Maïs","Birkilane","4","150","155",""
"2018","2018-11","04/11/2018","Riz Importé","Birkilane","90","","300",""
"2018","2018-11","04/11/2018","Riz Importé Parfumé","Birkilane","1","","400",""
"2018","2018-11","01/11/2018","Mil","Kaolack","90","","190",""
"2018","2018-11","01/11/2018","Mil","Touba Toul","3","225","250",""
"2018","2018-11","01/11/2018","Maïs","Kaolack","65","","190",""
"2018","2018-11","01/11/2018","Maïs Importé","Touba Toul","2","","250","225"
"2018","2018-11","01/11/2018","Riz Importé","Kaolack","90","","275",""
"2018","2018-11","01/11/2018","Riz Importé","Touba Toul","3","","270","260"
"2018","2018-11","01/11/2018","Riz Importé Parfumé","Kaolack","120","","400",""
"2018","2018-11","01/11/2018","Riz Importé Parfumé","Touba Toul","1","","400","375"
"2018","2018-11","01/11/2018","Riz","Kaolack","68","","350",""
"2018","2018-11","01/11/2018","Riz","Touba Toul","6","","260","250"